{"text": "\u4eca\u5929\u5929\u6c23\u5f88\u597d,\u6240\u4ee5\u6211\u73fe\u5728\u5e0c\u671b\u53ef\u4ee5\u505a\u5230\u9304\u97f3\u529f\u80fd", "segments": [{"id": 0, "seek": 0, "start": 0.0, "end": 4.8, "text": "\u4eca\u5929\u5929\u6c23\u5f88\u597d,\u6240\u4ee5\u6211\u73fe\u5728\u5e0c\u671b\u53ef\u4ee5\u505a\u5230\u9304\u97f3\u529f\u80fd", "tokens": [50364, 12074, 6135, 24090, 4563, 2131, 11, 7239, 1654, 12648, 29955, 6723, 10907, 4511, 9567, 226, 18034, 32311, 8225, 50604], "temperature": 0.0, "avg_logprob": -0.608311380658831, "compression_ratio": 0.8533333333333334, "no_speech_prob": 0.026022640988230705}], "language": "zh"}